Scenario_Model,AUC_mean,AUC_std,Brier_score,Calibration_slope,Sensitivity,Specificity,F1,BalancedAcc
ModelA_Clinical__LogisticRegression,0.8211640211640212,0.1469014055606152,0.16914306980865104,0.847591528333472,0.8536585365853658,0.8125,0.8860759493670887,0.8330792682926829
ModelA_Clinical__XGBoost,0.7738095238095237,0.19601728627346776,0.17443638204147083,1.5352630668546678,0.8292682926829268,0.625,0.8395061728395061,0.7271341463414633
ModelA_Clinical__RandomForest,0.7361276455026455,0.20176142607350983,0.1860849475760407,0.598054599250474,0.6097560975609756,0.875,0.7352941176470589,0.7423780487804879
ModelA_Clinical__ExtraTrees,0.6735119047619047,0.1729950520819817,0.2162600389863548,0.4253222612678212,0.7317073170731707,0.6875,0.7894736842105263,0.7096036585365854
